,uid,vid
0,0,13
1,0,2
2,0,1
3,0,36
4,0,87
5,0,0
6,0,0
7,0,6
8,0,623
9,0,0
10,0,43
11,0,1767
12,0,0
13,0,2
14,0,2
15,0,0
16,0,0
17,0,2647
18,0,0
19,0,2
20,0,0
21,0,22558
22,0,54686
23,0,1
24,0,64
25,0,0
26,0,65
27,0,4
28,0,961
29,0,1
30,0,186
31,0,519
32,0,25
33,0,1
34,0,0
35,0,15
36,0,5
37,0,0
38,0,2
39,0,12
40,0,161250
41,0,9
42,0,188804
43,0,796
44,0,0
45,0,9715
46,0,581
47,0,0
48,0,2
49,0,0
50,0,1
51,0,40
52,0,1
53,0,0
54,0,99
55,0,1
56,0,1
57,0,2
58,0,7
59,0,2
60,0,932
61,0,2
62,0,19
63,0,25
64,0,3
65,0,1
66,0,519
67,0,0
68,0,3
69,0,0
70,0,1
71,0,45
72,0,0
73,0,23
74,0,61
75,0,1
76,0,926
77,0,34
78,0,5
79,0,1
80,0,2
81,0,2
82,0,1136
83,0,12
84,0,139239
85,0,6
86,0,183
87,0,0
88,0,1
89,1,4
90,1,1
91,1,41
92,1,4
93,1,103
94,1,8829
95,1,0
96,1,173
97,1,172
98,1,1
99,1,2
100,1,0
101,1,73
102,1,124
103,1,1
104,1,8
105,1,20519
106,1,255
107,1,98
108,1,1
109,1,1
110,1,4039
111,1,39690
112,1,2
113,1,682745
114,1,9067
115,1,224
116,1,92
117,1,240
118,1,19
119,1,1
120,1,2
121,1,1
122,1,4
123,1,1
124,1,486
125,1,1
126,1,704
127,1,31
128,1,24
129,1,11
130,1,62
131,1,755
132,1,15
133,1,2
134,1,3
135,1,48
136,1,3
137,1,2
138,1,7
139,1,60
140,1,11
141,1,3
142,1,1
143,1,37
144,1,1
145,1,2
146,1,46938
147,1,435
148,1,13
149,1,1
150,1,251
151,1,2
152,1,120
153,1,1
154,1,1
155,1,1
156,1,1
157,1,1
158,1,1068
159,1,2
160,1,0
161,1,293
162,1,2931
163,1,1
164,1,1
165,1,15
166,1,3
167,1,1
168,1,10
169,1,1896065
170,1,2
171,1,2
172,1,0
173,1,26041
174,1,7
175,1,127
176,1,0
177,1,3
178,1,1
179,1,110
180,2,64
181,2,1
182,2,29
183,2,0
184,2,30
185,2,3892
186,2,108
187,2,2
188,2,0
189,2,930
190,2,0
191,2,0
192,2,117267
193,2,2
194,2,2
195,2,2
196,2,0
197,2,1
198,2,7
199,2,639
200,2,38
201,2,1
202,2,1
203,3,0
204,3,32807
205,4,9
206,4,1268
207,4,1
208,4,351
209,4,1
210,4,0
211,4,3
212,4,90
213,4,0
214,4,3
215,4,7
216,4,4
217,5,3
218,5,1
219,5,0
220,5,25
221,5,2362
222,5,15
223,5,2536648
224,5,13802
225,6,0
226,6,1
227,6,1
228,6,375
229,6,37
230,6,1
231,6,6
232,6,494
233,6,271
234,6,2932
235,6,20
236,6,4
237,6,36
238,6,1
239,6,2
240,6,1
241,6,262
242,6,4838
243,6,15
244,6,963
245,6,24
246,6,1
247,6,32
248,6,28062
249,6,192
250,6,2
251,6,1
252,6,7
253,6,3
254,6,394
255,6,4
256,6,9517
257,6,0
258,6,1
259,6,9
260,6,1
261,6,1
262,6,0
263,6,2
264,6,3
265,6,0
266,6,2661
267,6,2
268,6,47
269,6,41
270,6,7606
271,6,26
272,6,13
273,6,0
274,6,50
275,6,1
276,6,0
277,6,1
278,6,2
279,6,119
280,6,0
281,6,3
282,6,78148
283,6,592
284,6,0
285,6,3936
286,6,0
287,6,33568
288,6,69
289,6,1060
290,6,3
291,6,1
292,6,1
293,6,0
294,6,1
295,6,0
296,6,1
297,6,9
298,6,558
299,6,1821
300,6,47
301,6,1164
302,6,147
303,6,20
304,6,11
305,6,970739
306,6,113
307,6,1
308,6,26
309,6,3
310,6,12
311,6,0
312,6,1
313,6,2669
314,6,3859
315,6,9
316,6,1
317,6,27
318,7,1
319,7,14
320,7,15
321,7,11
322,7,0
323,7,0
324,7,1382
325,7,15
326,7,4
327,7,301
328,7,1
329,7,0
330,7,42
331,7,4
332,7,1
333,7,0
334,7,1
335,7,2
336,7,22
337,7,7
338,7,1
339,7,17
340,7,453
341,7,4
342,7,1
343,7,0
344,7,616
345,7,13657
346,7,144
347,7,4
348,7,1
349,7,182
350,7,0
351,7,2831
352,7,57
353,7,23
354,7,9
355,7,3
356,7,77
357,7,5
358,7,1
359,7,63
360,7,2
361,7,1317
362,7,795
363,7,410
364,7,2
365,7,1
366,7,175
367,7,170
368,7,38
369,7,28
370,7,1
371,7,8
372,7,0
373,7,1
374,7,2
375,7,1
376,7,108
377,7,1
378,7,6
379,7,5
380,7,3
381,7,13
382,7,3
383,7,38
384,7,1
385,7,0
386,7,21
387,7,1
388,7,82
389,7,33
390,7,4
391,7,1
392,7,3
393,7,82
394,7,420
395,7,1
396,7,43
397,7,14
398,7,1
399,7,11
400,8,0
401,8,1
402,8,546
403,8,0
404,8,1
405,8,22
406,8,21
407,8,1
408,8,1
409,8,2
410,8,53598
411,8,249
412,8,244
413,8,0
414,8,2
415,8,1
416,8,24491
417,8,88
418,8,3
419,8,1
420,8,47
421,8,19
422,8,0
423,8,16
424,8,21
425,8,8
426,8,22
427,8,1
428,9,10
429,9,0
430,9,7
431,9,590
432,9,198
433,9,1
434,9,8
435,9,1
436,9,10
437,9,0
438,9,194
439,9,4
440,9,0
441,9,2
442,9,30
443,10,55
444,10,17
445,10,7
446,10,181
447,10,2211005
448,10,33
449,10,0
450,10,1
451,10,8922
452,10,74
453,10,0
454,10,2
455,10,32
456,10,2416716
457,10,12
458,10,185
459,10,3
460,10,1117
461,10,2125
462,10,12
463,10,0
464,10,2
465,10,1
466,10,15
467,10,1
468,10,0
469,10,4
470,10,2
471,10,1
472,10,0
473,10,3
474,10,349
475,11,42
476,11,1144
477,11,2
478,11,1
479,11,85
480,11,0
481,11,15
482,11,8
483,11,2
484,11,9
485,11,327
486,11,136
487,11,0
488,11,45
489,11,9
490,11,17
491,11,1
492,11,5
493,11,2
494,11,15
495,11,25
496,11,2260
497,11,0
498,11,11
499,11,916
500,11,1
501,12,317
502,12,5
503,12,92032
504,12,4
505,12,1
506,12,202
507,12,489
508,12,5
509,12,7
510,12,0
511,12,1
512,12,7
513,12,437935
514,12,15
515,12,17
516,12,2
517,12,0
518,12,1
519,12,1
520,12,2
521,12,4
522,12,7
523,12,0
524,12,1
525,12,27
526,12,0
527,12,16
528,12,0
529,12,9984
530,12,1
531,12,0
532,12,11
533,12,28
534,12,5
535,12,0
536,12,3
537,12,6
538,12,1
539,12,0
540,12,15
541,12,4
542,12,20977
543,12,919
544,12,3
545,12,15
546,12,4
547,12,131486
548,12,4
549,12,2
550,12,0
551,12,2
552,12,1
553,12,1
554,12,2
555,12,1
556,12,27
557,12,33
558,12,2
559,12,0
560,12,81
561,12,7
562,12,7306
563,12,4
564,12,5
565,12,641
566,12,5
567,12,2668
568,12,8
569,12,2391
570,12,16
571,12,5
572,12,2
573,12,39436
574,12,1
575,12,0
576,12,11
577,12,1218
578,13,7855
579,13,1
580,13,7
581,13,3
582,13,1
583,13,0
584,13,8
585,13,14
586,13,2
587,13,28
588,13,5
589,13,31986
590,13,21
591,13,9
592,13,0
593,13,3
594,13,1
595,13,0
596,13,1704
597,13,24
598,13,8
599,13,1
600,13,58
601,13,2
602,13,1
603,13,0
604,13,33
605,13,4
606,13,152
607,13,7
608,13,13033
609,13,1
610,13,69491
611,13,166
612,13,124595
613,13,8
614,13,0
615,13,209
616,13,1
617,13,3
618,13,0
619,13,0
620,13,0
621,13,10
622,13,138
623,13,679
624,13,0
625,13,55
626,13,5
627,13,21
628,13,8
629,13,92
630,13,0
631,13,196
632,13,1
633,13,12029
634,13,293
635,13,0
636,13,0
637,13,0
638,13,1
639,13,1
640,13,1
641,13,20
642,13,10
643,13,12
644,13,939699
645,13,4
646,13,946
647,13,0
648,13,0
649,13,0
650,13,145
651,13,14
652,13,3
653,13,28
654,13,1
655,13,13
656,13,21
657,13,61225290
658,13,9
659,13,2
660,13,1
661,13,468
662,13,157
663,13,10359
664,14,122872
665,14,22
666,14,1
667,14,49
668,14,97
669,14,425
670,14,0
671,14,6
672,14,1
673,14,0
674,14,9
675,14,309
676,14,163
677,14,42
678,14,28
679,14,68
680,14,0
681,14,0
682,14,0
683,14,26
684,14,53
685,14,0
686,14,8350
687,14,378
688,14,33
689,14,1
690,14,0
691,14,2710
692,14,7
693,14,0
694,14,341
695,14,110440
696,14,267
697,14,326
698,14,1129
699,14,37
700,14,1
701,14,0
702,14,2
703,14,1
704,14,26
705,14,9
706,14,4
707,14,0
708,14,1
709,14,9
710,14,0
711,14,4
712,14,58
713,14,1
714,14,0
715,14,1140
716,14,16539
717,14,13
718,14,1
719,14,1
720,14,1
721,14,0
722,14,5851
723,14,20
724,14,1
725,14,10
726,14,0
727,14,2
728,14,91
729,14,1
730,14,8
731,14,0
732,14,9
733,14,0
734,14,12
735,14,2197
736,14,0
737,14,1
738,14,1192
739,14,101
740,14,19322
741,14,0
742,15,17
743,15,101
744,15,266
745,15,11
746,15,6
747,15,39
748,15,2
749,15,391
750,15,33
751,15,1
752,16,1
753,16,1
754,16,4
755,16,123
756,16,31
757,16,511
758,16,1
759,16,3
760,16,2
761,16,1070
762,16,2
763,16,0
764,16,10
765,16,0
766,16,8
767,16,3
768,16,2
769,16,60
770,16,1
771,16,12
772,16,1
773,16,1152
774,16,1
775,16,0
776,16,0
777,16,0
778,16,4886202
779,16,0
780,16,4816
781,16,2
782,16,3
783,16,7
784,16,12
785,16,93
786,16,2
787,16,0
788,16,7
789,16,9361
790,16,9363
791,16,39
792,16,1
793,16,2
794,16,44
795,16,5
796,16,13
797,16,602
798,16,19
799,16,2
800,16,0
801,16,19
802,16,323
803,16,36
804,16,9
805,16,530
806,17,8
807,17,7
808,17,4
809,17,4
810,17,26
811,17,5
812,17,22
813,17,1
814,17,0
815,17,540
816,17,0
817,17,321
818,17,2
819,17,0
820,17,0
821,17,4
822,17,1
823,17,1
824,17,2
825,17,21
826,17,14088
827,17,3
828,17,0
829,17,1
830,17,2
831,17,22
832,17,4
833,17,23
834,17,4
835,17,3032
836,17,1
837,17,241603
838,17,8
839,17,4
840,17,1
841,17,3
842,17,169
843,17,1
844,17,1
845,17,22
846,17,7
847,17,0
848,17,1
849,17,2
850,17,17744
851,17,6
852,17,50
853,17,41
854,17,2
855,17,0
856,17,120
857,17,2
858,17,19
859,17,15
860,17,25
861,17,18
862,17,8
863,17,1
864,17,537
865,17,2726
866,17,0
867,17,35
868,17,19214
869,17,2
870,17,9
871,17,1
872,17,74
873,17,1210
874,17,60
875,17,32805
876,17,0
877,17,1
878,17,7
879,17,71
880,17,23
881,17,221
882,18,2
883,18,0
884,18,1
885,18,2
886,18,35
887,18,0
888,18,3
889,18,1
890,18,2
891,18,45
892,18,2
893,18,1630
894,18,0
895,18,0
896,18,34
897,18,2
898,18,0
899,18,1
900,18,2
901,18,0
902,18,13012
903,18,1
904,18,41765
905,18,2
906,18,2
907,18,2
908,18,215
909,18,28
910,18,23
911,18,0
912,18,3
913,18,15
914,18,112
915,18,644
916,18,0
917,18,0
918,18,28794968
919,18,3
920,18,30238
921,18,1
922,18,3
923,18,901
924,18,91
925,18,0
926,18,211
927,18,89
928,18,63
929,18,0
930,18,2
931,18,2
932,18,21
933,18,44146
934,18,258
935,18,466761
936,18,2928
937,18,2
938,18,4
939,18,787
940,18,30
941,18,2
942,18,0
943,18,10667
944,18,49
945,18,3
946,18,169
947,18,1304523
948,18,2646
949,18,38
950,18,116
951,18,5
952,18,2
953,18,15180
954,18,2
955,18,2
956,18,1100
957,18,2
958,18,965
959,18,0
960,18,1
961,18,13
962,18,437
963,18,4784
964,18,26
965,18,4
966,18,24
967,18,41
968,18,3
969,18,3
970,18,38
971,18,97
972,18,6
973,18,14
974,18,17
975,18,0
976,18,8
977,19,57
978,19,0
979,19,8
980,19,6
981,19,72535
982,19,1
983,19,1
984,19,32
985,19,1
986,19,71
987,19,10
988,19,34
989,19,1
990,19,7
991,19,3
992,19,667
993,19,3
994,19,1921
995,19,0
996,19,1
997,19,0
998,19,73
999,19,6
1000,19,28573
1001,19,2
1002,19,1178
1003,19,3
1004,19,3103
1005,19,17
1006,19,22
1007,19,3
1008,19,11615
1009,19,0
1010,19,0
1011,19,11
1012,19,3
1013,19,0
1014,19,3
1015,19,4
1016,19,4819
1017,19,74
1018,19,1057
1019,19,23
1020,19,7
1021,19,22
1022,19,0
1023,19,29
1024,19,17
1025,19,20
1026,19,23
1027,19,0
1028,19,19
1029,19,166
1030,19,565
1031,19,3
1032,19,307
1033,19,3773
1034,19,4
1035,19,93
1036,19,13
1037,19,1
1038,19,3
1039,19,1
1040,19,159
1041,20,4
1042,20,30
1043,20,1
1044,20,2
1045,20,3
1046,20,569
1047,20,92
1048,20,20
1049,20,1
1050,20,602
1051,20,178
1052,20,14
1053,20,9
1054,20,1
1055,20,1715
1056,20,1
1057,20,13
1058,20,12945
1059,20,3
1060,20,0
1061,20,13217
1062,20,2
1063,20,1
1064,20,74
1065,20,15
1066,20,2570
1067,20,1
1068,20,8
1069,20,1
1070,20,132
1071,20,31
1072,20,0
1073,20,6470
1074,20,0
1075,20,1
1076,20,2
1077,20,1
1078,20,1
1079,20,1098310
1080,20,2
1081,20,55
1082,20,51
1083,20,3
1084,20,78
1085,20,13
1086,20,0
1087,20,14
1088,20,410
1089,20,10
1090,20,9939
1091,20,1
1092,20,1
1093,20,1250
1094,20,413
1095,20,96931
1096,20,3
1097,20,0
1098,20,2
1099,20,2
1100,20,0
1101,20,16
1102,20,1
1103,20,2
1104,20,48
1105,20,43
1106,20,0
1107,20,1
1108,20,94
1109,20,0
1110,20,53
1111,20,24691
1112,20,1
1113,20,3
1114,20,317
1115,20,298
1116,20,3220
1117,20,357
1118,20,4
1119,20,6
1120,20,247
1121,20,0
1122,20,4
1123,20,1
1124,20,281
1125,20,12
1126,20,35
1127,20,944
1128,20,1
1129,20,11
1130,20,275
1131,21,2
1132,21,82
1133,21,0
1134,21,1
1135,21,289
1136,21,2
1137,21,7
1138,21,4817
1139,21,2
1140,21,22
1141,21,268534
1142,21,1025
1143,21,84
1144,21,648
1145,21,4142673
1146,21,79
1147,21,45
1148,21,19
1149,21,0
1150,21,23
1151,21,1003
1152,21,0
1153,21,593794
1154,21,158
1155,21,3
1156,21,25
1157,21,0
1158,22,0
1159,22,1
1160,22,0
1161,22,238
1162,22,1
1163,22,1
1164,22,9
1165,22,13
1166,22,7
1167,22,4721
1168,22,5
1169,22,1
1170,22,0
1171,22,2
1172,22,0
1173,22,0
1174,22,2978851
1175,22,0
1176,22,26
1177,22,35532
1178,22,14
1179,22,1
1180,22,3
1181,22,16
1182,22,531
1183,22,7
1184,22,0
1185,22,7
1186,22,76716
1187,22,1
1188,22,5
1189,22,0
1190,22,3
1191,22,1397
1192,22,13
1193,22,1
1194,22,1
1195,22,0
1196,22,0
1197,22,1
1198,22,0
1199,22,895
1200,22,3
1201,22,19
1202,22,0
1203,22,766
1204,22,2
1205,22,1
1206,22,1
1207,22,4205
1208,22,1
1209,22,81
1210,22,19
1211,22,2
1212,22,0
1213,22,0
1214,22,0
1215,22,38
1216,22,36
1217,22,2
1218,22,3
1219,22,6
1220,23,0
1221,23,1
1222,23,4
1223,23,2406
1224,23,1
1225,23,3
1226,23,12
1227,23,3076
1228,23,24
1229,23,0
1230,23,5
1231,23,1
1232,23,0
1233,23,15
1234,23,30
1235,23,188
1236,23,0
1237,23,0
1238,23,68
1239,23,1014
1240,23,0
1241,23,15
1242,23,0
1243,23,0
1244,23,88
1245,23,19
1246,23,3111
1247,23,7
1248,23,3
1249,23,9
1250,23,22
1251,23,147
1252,23,0
1253,23,4
1254,23,3
1255,23,0
1256,23,4
1257,23,34
1258,23,0
1259,23,3
1260,23,4674
1261,23,1
1262,23,21
1263,23,152
1264,23,4
1265,23,20211
1266,23,2
1267,23,164
1268,23,32
1269,23,3
1270,23,0
1271,23,2
1272,23,3
1273,23,1670504
1274,23,2
1275,24,20
1276,24,11
1277,24,0
1278,24,3
1279,24,176
1280,24,1
1281,24,1
1282,24,0
1283,24,812
1284,24,1
1285,24,0
1286,24,22
1287,24,0
1288,24,10
1289,24,2977
1290,24,32
1291,24,43
1292,24,0
1293,24,2
1294,24,131
1295,24,0
1296,24,0
1297,24,2
1298,24,1
1299,24,85
1300,24,217
1301,24,0
1302,24,5359
1303,24,18
1304,24,8
1305,24,9
1306,24,0
1307,24,2
1308,24,5
1309,24,2
1310,24,0
1311,24,13
1312,24,4
1313,24,7
1314,24,459
1315,24,3
1316,24,506
1317,25,468124
1318,25,1
1319,25,12
1320,25,69
1321,25,2
1322,25,7
1323,25,1297
1324,25,16
1325,25,434
1326,25,1
1327,25,1
1328,25,325330
1329,25,157824
1330,25,85
1331,25,0
1332,25,23
1333,25,0
1334,25,147
1335,25,1
1336,25,0
1337,25,109
1338,25,29404
1339,25,2
1340,25,1
1341,25,7
1342,25,6700
1343,25,263
1344,25,7
1345,25,1
1346,25,3
1347,25,3
1348,25,16
1349,25,0
1350,25,1
1351,25,14
1352,25,130
1353,25,27
1354,26,16
1355,26,4427
1356,26,2
1357,26,1
1358,26,0
1359,26,3
1360,26,2
1361,26,13
1362,26,0
1363,26,1
1364,26,4
1365,26,0
1366,26,86
1367,26,73
1368,26,98
1369,26,33
1370,26,2639
1371,26,26
1372,26,1
1373,26,1
1374,26,0
1375,26,1582
1376,26,15
1377,26,2
1378,26,1
1379,26,1
1380,26,1
1381,26,10
1382,26,718
1383,26,1
1384,26,14
1385,26,7
1386,26,160
1387,26,6
1388,26,3
1389,26,7
1390,26,0
1391,26,3
1392,26,4
1393,26,0
1394,26,124
1395,26,2
1396,26,0
1397,26,75
1398,26,77
1399,26,17024
1400,26,0
1401,26,1
1402,26,62949
1403,26,2
1404,26,10
1405,26,6323
1406,26,1
1407,26,9925
1408,26,45
1409,26,13
1410,26,1
1411,26,14
1412,26,67
1413,26,21
1414,26,1
1415,26,1
1416,26,0
1417,26,0
1418,26,129
1419,26,0
1420,26,1
1421,26,49
1422,26,1
1423,26,32
1424,26,0
1425,26,10
1426,26,7
1427,26,15
1428,26,74
1429,26,0
1430,26,2
1431,26,7
1432,26,190
1433,26,1
1434,26,264
1435,26,1
1436,26,0
1437,26,0
1438,26,0
1439,26,8
1440,26,4
1441,26,0
1442,26,6
1443,26,44
1444,26,2
1445,26,395
1446,26,56
1447,26,16
1448,26,3
1449,26,0
1450,26,393
1451,27,4
1452,27,340
1453,27,261
1454,27,0
1455,27,0
1456,27,63
1457,27,214
1458,27,55
1459,27,1
1460,27,54
1461,27,3871
1462,27,10
1463,27,106
1464,27,2046
1465,27,0
1466,27,2
1467,27,77
1468,27,501
1469,27,27
1470,27,1
1471,27,4
1472,27,113
1473,27,0
1474,27,1
1475,27,190
1476,27,149
1477,27,0
1478,27,0
1479,27,3
1480,27,7
1481,27,1
1482,27,2
1483,27,5
1484,27,0
1485,27,84395
1486,27,1
1487,27,2186
1488,27,6
1489,27,39725
1490,27,3
1491,27,4
1492,27,0
1493,27,15
1494,27,2
1495,27,8
1496,27,6
1497,27,64
1498,27,0
1499,27,0
1500,27,1
1501,27,30
1502,27,90
1503,27,5
1504,27,5
1505,27,3
1506,27,0
1507,27,22
1508,27,1
1509,27,1326
1510,27,0
1511,27,0
1512,27,2889
1513,27,1
1514,27,1
1515,27,3
1516,27,850
1517,27,1
1518,27,5230
1519,27,464
1520,27,5
1521,27,42
1522,27,0
1523,27,417861
1524,27,1
1525,27,110
1526,27,16
1527,27,287
1528,27,44
1529,27,248
1530,28,924
1531,28,0
1532,28,2
1533,28,0
1534,28,150
1535,28,303
1536,28,0
1537,28,6
1538,28,0
1539,28,10
1540,28,30
1541,28,0
1542,28,107
1543,28,3
1544,28,21
1545,28,38
1546,28,17
1547,28,0
1548,28,58
1549,28,5325
1550,28,1
1551,28,5
1552,28,104
1553,28,1
1554,28,12
1555,28,0
1556,28,1
1557,28,39
1558,28,1
1559,28,237
1560,28,1
1561,28,7
1562,28,396
1563,28,1005
1564,28,0
1565,28,0
1566,28,137967
1567,28,73
1568,28,8892
1569,28,14
1570,29,1
1571,29,6
1572,29,491764
1573,29,6
1574,29,0
1575,29,365
1576,29,11
1577,29,0
1578,29,1
1579,29,1
1580,29,0
1581,29,2583
1582,29,0
1583,29,834
1584,29,19
1585,29,1
1586,29,11
1587,29,3
1588,29,24436
1589,29,8
1590,29,1
1591,29,1
1592,29,1
1593,29,7
1594,29,103
1595,29,0
1596,29,2
1597,29,0
1598,29,372
1599,29,1
1600,29,373
1601,29,96
1602,29,0
1603,29,17937
1604,29,2
1605,29,2
1606,29,229
1607,29,1
1608,29,1
1609,29,361
1610,29,4949
1611,29,2342
1612,29,92
1613,29,1
1614,29,0
1615,29,1
1616,29,1
1617,29,2568
1618,29,1
1619,29,3
1620,29,3
1621,29,1
1622,29,1
1623,29,0
1624,29,21
1625,29,1
1626,29,1
1627,29,4
1628,29,1
1629,29,181
1630,29,457
1631,29,0
1632,29,13
1633,29,1
1634,29,69
1635,29,15
1636,29,0
1637,29,32
1638,29,0
1639,29,1
1640,29,12
1641,29,144
1642,29,0
1643,29,624
1644,29,2
1645,29,0
1646,29,13144
1647,29,0
1648,29,1
1649,29,19
1650,29,18
1651,29,123
1652,29,128
1653,29,1
1654,29,113
1655,30,1
1656,30,1
1657,30,293
1658,30,1
1659,30,13
1660,30,11
1661,30,0
1662,30,650
1663,30,1
1664,30,49463
1665,30,6
1666,30,8
1667,30,9
1668,30,1
1669,30,3
1670,30,7164
1671,30,0
1672,30,1229
1673,30,20
1674,30,0
1675,30,2
1676,30,83
1677,30,93
1678,30,27
1679,30,0
1680,30,11
1681,30,1
1682,30,2
1683,30,0
1684,30,296
1685,30,2
1686,30,7
1687,30,51
1688,30,86
1689,30,5
1690,30,27
1691,30,165
1692,30,7383
1693,30,48
1694,30,1
1695,30,8
1696,30,4
1697,30,858
1698,30,4
1699,30,0
1700,30,2858
1701,30,11
1702,30,24
1703,30,1
1704,30,2
1705,30,8964
1706,30,1
1707,30,125
1708,30,1
1709,30,36
1710,30,6
1711,30,1
1712,30,2800
1713,30,69
1714,30,0
1715,30,1058
1716,30,2
1717,30,1
1718,30,0
1719,30,3
1720,30,7
1721,30,3
1722,30,9
1723,30,15398
1724,30,19
1725,30,0
1726,30,15
1727,30,98
1728,30,8
1729,30,270
1730,30,155
1731,31,0
1732,31,0
1733,31,0
1734,31,0
1735,31,17662
1736,31,0
1737,32,0
1738,32,5
1739,32,440
1740,32,3526
1741,32,18
1742,32,15
1743,32,0
1744,32,0
1745,32,67
1746,33,6
1747,33,54
1748,33,0
1749,33,7
1750,33,3440
1751,33,13
1752,33,1
1753,33,5
1754,33,2
1755,33,237
1756,33,1
1757,33,47
1758,33,16
1759,33,1
1760,33,1
1761,33,1
1762,33,1
1763,33,7
1764,33,610
1765,33,1
1766,33,12
1767,33,22507
1768,33,0
1769,33,575
1770,33,5
1771,33,45
1772,33,4
1773,33,149
1774,33,3
1775,33,6
1776,33,42
1777,33,17
1778,33,50
1779,33,1
1780,33,13
1781,33,2
1782,33,1518
1783,33,12
1784,33,4
1785,33,0
1786,33,5
1787,33,1
1788,33,2
1789,33,19
1790,33,0
1791,33,7
1792,33,24
1793,33,1
1794,33,1
1795,33,843
1796,33,374
1797,33,53
1798,33,2
1799,33,1
1800,33,24
1801,33,7
1802,33,1
1803,33,14846
1804,33,263
1805,33,72715
1806,33,2079
1807,33,0
1808,33,32
1809,33,276
1810,33,2
1811,33,3
1812,33,39
1813,33,19
1814,33,1
1815,33,54
1816,33,5
1817,33,4
1818,33,2
1819,33,2338
1820,33,10
1821,33,2
1822,33,0
1823,33,3
1824,33,70
1825,33,1712
1826,33,1316
1827,33,0
1828,33,1
1829,33,4
1830,33,27
1831,33,436
1832,33,1
1833,33,4
1834,33,0
1835,33,0
1836,33,254096
1837,33,2579
1838,33,10652
1839,33,1254
1840,33,0
1841,34,7
1842,34,28
1843,34,4
1844,34,260
1845,34,150
1846,34,6
1847,34,1
1848,34,4
1849,35,235
1850,35,163
1851,35,24
1852,35,1
1853,35,0
1854,35,1
1855,35,1
1856,35,1
1857,35,115
1858,35,3
1859,35,65
1860,35,3
1861,35,3
1862,35,6
1863,35,3
1864,35,2156
1865,35,2
1866,35,0
1867,35,53
1868,35,47
1869,35,13
1870,35,42
1871,35,86767
1872,35,1
1873,35,2
1874,35,371984
1875,35,0
1876,35,1
1877,35,0
1878,35,7
1879,35,0
1880,35,3
1881,35,7
1882,35,0
1883,35,72
1884,35,66
1885,35,1
1886,35,294
1887,35,4130424
1888,35,2
1889,35,1
1890,35,161
1891,35,5
1892,35,1
1893,35,187
1894,35,2
1895,35,0
1896,35,3
1897,35,5
1898,35,1378
1899,35,5
1900,35,483
1901,35,0
1902,35,7893
1903,35,3
1904,35,19358
1905,35,34
1906,35,586
1907,35,1394
1908,35,2
1909,35,1
1910,35,86
1911,35,141
1912,35,0
1913,35,2
1914,35,0
1915,35,11
1916,35,1
1917,35,2
1918,35,24
1919,35,7725
1920,35,16
1921,35,2
1922,35,4
1923,35,2
1924,35,0
1925,35,2
1926,35,6571
1927,35,3
1928,35,1
1929,35,3
1930,35,91
1931,35,0
1932,35,1
1933,35,1
1934,35,0
1935,36,5813
1936,36,1
1937,36,598
1938,36,4246420
1939,36,439312
1940,36,18
1941,36,27
1942,36,257
1943,36,35
1944,36,437
1945,36,5
1946,36,1
1947,36,0
1948,36,22
1949,36,7
1950,36,0
1951,36,1
1952,36,1
1953,36,22
1954,36,1
1955,36,0
1956,36,0
1957,36,26576
1958,36,6
1959,36,52
1960,36,60
1961,36,14
1962,36,0
1963,36,0
1964,36,0
1965,36,1
1966,36,1449
1967,36,26
1968,36,6
1969,36,0
1970,36,18
1971,36,1
1972,36,1
1973,36,17
1974,36,0
1975,36,5
1976,36,1
1977,36,57
1978,36,69
1979,36,1
1980,36,2
1981,36,12
1982,36,71
1983,36,71
1984,36,10
1985,36,0
1986,36,192329
1987,36,0
1988,36,1
1989,36,19242
1990,36,204
1991,36,3
1992,36,6
1993,36,5503
1994,36,71
1995,36,1
1996,36,25
1997,36,1
1998,37,6795
1999,37,768181
2000,37,1
2001,37,0
2002,37,107
2003,37,7
2004,37,103
2005,37,9
2006,37,6
2007,37,30
2008,37,1
2009,37,3
2010,37,6
2011,37,41
2012,37,1
2013,37,2
2014,37,4
2015,37,1
2016,37,5
2017,37,30
2018,37,66
2019,37,4
2020,37,1
2021,37,15
2022,37,2
2023,37,0
2024,37,3
2025,37,44
2026,37,55
2027,37,3946
2028,37,1
2029,37,14
2030,37,0
2031,37,13
2032,37,5942
2033,37,12
2034,37,570
2035,37,53
2036,37,7
2037,37,1
2038,37,6
2039,37,0
2040,37,0
2041,37,1
2042,37,0
2043,37,6
2044,37,6
2045,37,0
2046,37,335
2047,37,10
2048,37,290
2049,37,1
2050,37,4
2051,37,7
2052,37,22
2053,37,6
2054,37,49320
2055,37,1
2056,37,1
2057,37,3
2058,37,54
2059,37,920
2060,37,6
2061,37,81
2062,37,0
2063,37,0
2064,37,0
2065,37,18116
2066,37,19
2067,37,9933
2068,37,0
2069,37,2
2070,37,81
2071,37,182
2072,37,0
2073,37,1
2074,37,893
2075,37,3
2076,37,0
2077,37,16
2078,37,4
2079,37,1761
2080,37,7
2081,37,79
2082,37,10
2083,37,3
2084,37,4
2085,37,62
2086,37,28
2087,37,5
2088,37,1
2089,37,168
2090,37,0
2091,37,17
2092,38,4
2093,38,4
2094,38,46
2095,38,4
2096,38,0
2097,38,0
2098,38,0
2099,38,325
2100,38,2
2101,38,0
2102,38,0
2103,38,33
2104,38,2
2105,38,5
2106,38,7
2107,38,14
2108,38,752
2109,38,1
2110,38,18
2111,38,9
2112,38,421
2113,38,77
2114,38,4
2115,38,22
2116,38,3
2117,38,254
2118,38,1
2119,38,35
2120,38,1
2121,38,27
2122,38,116
2123,38,1
2124,38,39
2125,38,17805
2126,38,0
2127,38,29
2128,38,2
2129,38,1
2130,38,3
2131,38,3
2132,38,0
2133,38,23025
2134,38,2
2135,38,18
2136,38,4
2137,38,0
2138,38,65
2139,38,0
2140,38,0
2141,38,22
2142,38,140877
2143,38,34
2144,38,0
2145,38,5
2146,38,3843
2147,38,1
2148,38,3379
2149,38,1
2150,38,1
2151,38,0
2152,38,282
2153,38,1
2154,38,3
2155,38,181
2156,38,1
2157,38,61
2158,38,1
2159,38,18
2160,38,0
2161,38,42
2162,38,9
2163,38,1
2164,38,1
2165,39,2
2166,39,0
2167,39,5119
2168,39,13
2169,39,3
2170,39,2
2171,39,41
2172,39,394
2173,39,3
2174,39,333
2175,39,0
2176,39,0
2177,39,6892
2178,39,7
2179,39,6
2180,39,59
2181,39,1
2182,39,2
2183,39,1
2184,39,1
2185,39,13
2186,39,3
2187,39,22
2188,40,1
2189,40,0
2190,40,63
2191,40,20
2192,40,16
2193,40,2
2194,40,6
2195,40,38
2196,40,1
2197,40,1553
2198,40,8
2199,40,33
2200,40,1
2201,40,14
2202,40,0
2203,40,355
2204,40,14
2205,40,1
2206,40,117
2207,40,4
2208,40,1
2209,40,0
2210,40,12
2211,40,4695766
2212,40,105
2213,40,1
2214,40,65
2215,40,0
2216,40,16
2217,40,9
2218,40,20
2219,40,164
2220,40,6
2221,40,222
2222,40,2
2223,40,3
2224,40,1476
2225,40,17
2226,40,1
2227,40,2
2228,40,1
2229,40,0
2230,40,1194
2231,40,5
2232,40,5
2233,40,63
2234,40,0
2235,40,0
2236,40,0
2237,40,48351
2238,40,3
2239,40,5
2240,41,0
2241,41,96
2242,41,41
2243,41,27
2244,41,3
2245,41,508
2246,41,2266
2247,41,4
2248,41,0
2249,41,7
2250,41,1
2251,41,4
2252,41,22
2253,41,3
2254,41,1
2255,41,1
2256,41,1
2257,41,6
2258,41,5
2259,41,5
2260,41,2658
2261,41,17781
2262,41,1
2263,41,1
2264,41,1
2265,41,19
2266,41,4
2267,41,27
2268,41,2
2269,41,1
2270,41,0
2271,41,0
2272,41,1
2273,41,34
2274,41,0
2275,41,17
2276,41,74
2277,41,75
2278,41,207
2279,41,0
2280,41,6
2281,41,0
2282,41,1
2283,41,67
2284,41,175
2285,41,0
2286,41,1
2287,41,43
2288,41,4
2289,41,4
2290,41,1
2291,41,2
2292,41,93
2293,41,0
2294,41,1188
2295,41,50992
2296,41,13
2297,41,5
2298,41,1
2299,41,9
2300,41,1433
2301,41,0
2302,41,32
2303,41,0
2304,41,1
2305,41,52
2306,41,6
2307,41,0
2308,41,21
2309,41,7
2310,41,1
2311,41,3482
2312,41,568
2313,41,1
2314,41,401
2315,41,2
2316,41,142
2317,41,0
2318,41,8
2319,41,1
2320,42,8
2321,42,0
2322,42,26
2323,42,1
2324,42,22
2325,42,4
2326,42,10
2327,42,155157
2328,42,52
2329,42,2
2330,42,1
2331,42,150
2332,42,1154441
2333,42,3
2334,42,0
2335,42,21
2336,42,1
2337,42,21
2338,43,1
2339,43,3
2340,43,53
2341,43,6
2342,43,1
2343,43,301
2344,43,4
2345,43,4
2346,43,0
2347,43,28
2348,43,0
2349,43,1
2350,43,3
2351,43,4
2352,43,1
2353,43,70
2354,43,115
2355,43,8502
2356,43,39
2357,43,2
2358,43,9
2359,43,8
2360,43,16
2361,43,1
2362,43,0
2363,43,2077
2364,43,109
2365,43,0
2366,43,124
2367,43,1623
2368,43,4387
2369,43,9299
2370,43,0
2371,43,3249
2372,43,22
2373,43,1
2374,43,80
2375,43,15
2376,43,0
2377,43,37471
2378,43,2
2379,43,2
2380,43,10
2381,43,5
2382,43,1103
2383,43,1
2384,43,2
2385,43,3
2386,43,34
2387,43,720
2388,43,3
2389,43,0
2390,43,61
2391,43,4
2392,43,1
2393,43,0
2394,43,2
2395,43,1
2396,43,2
2397,43,0
2398,43,480
2399,43,36
2400,43,3536
2401,43,0
2402,43,0
2403,43,6193
2404,43,0
2405,43,0
2406,43,1
2407,44,69
2408,44,2
2409,44,5
2410,44,16
2411,44,0
2412,44,1
2413,44,0
2414,44,130087
2415,44,3
2416,44,3
2417,44,4
2418,44,7599
2419,44,4
2420,44,79
2421,44,6
2422,44,1
2423,44,17
2424,44,1028
2425,44,2
2426,44,69
2427,44,1
2428,44,6
2429,44,11
2430,44,16
2431,44,2
2432,44,126
2433,44,1
2434,44,1
2435,44,18
2436,44,56
2437,44,44
2438,44,2
2439,44,3
2440,44,2
2441,44,10
2442,44,10
2443,44,1
2444,44,0
2445,44,25
2446,44,0
2447,44,21
2448,44,5
2449,44,69
2450,44,4
2451,44,1
2452,44,8
2453,44,9
2454,44,793
2455,44,6
2456,44,0
2457,44,1
2458,44,0
2459,44,0
2460,44,0
2461,44,0
2462,44,8
2463,44,1
2464,44,108164
2465,44,0
2466,44,1
2467,44,1
2468,45,22
2469,45,20
2470,45,1
2471,45,92
2472,45,0
2473,45,1
2474,45,0
2475,45,1
2476,45,17
2477,45,2
2478,45,0
2479,45,0
2480,45,0
2481,45,2
2482,45,1
2483,45,13
2484,45,1
2485,45,0
2486,45,48
2487,45,0
2488,45,1
2489,45,0
2490,45,2
2491,45,10
2492,45,1
2493,45,98
2494,45,70
2495,45,14
2496,45,274
2497,45,6
2498,45,15
2499,45,2
2500,45,58
2501,45,1
2502,45,12
2503,45,8
2504,45,414
2505,45,4
2506,45,1331
2507,45,2
2508,45,1
2509,45,865
2510,45,89
2511,45,14
2512,45,1
2513,45,1
2514,45,30
2515,45,1
2516,45,6
2517,45,26
2518,45,0
2519,45,4
2520,45,1
2521,45,9
2522,45,202
2523,45,2
2524,45,2
2525,45,183
2526,45,0
2527,45,89397
2528,45,1
2529,45,3
2530,45,38
2531,45,0
2532,45,9
2533,45,202
2534,46,0
2535,46,1
2536,46,38
2537,46,0
2538,46,1
2539,46,76
2540,46,10535
2541,46,1
2542,46,684
2543,46,28
2544,46,0
2545,46,25
2546,46,0
2547,46,2
2548,46,1
2549,46,1355
2550,46,97
2551,46,0
2552,46,80
2553,46,10
2554,46,6
2555,46,211
2556,46,0
2557,46,0
2558,46,5
2559,46,0
2560,46,341
2561,46,2
2562,46,101
2563,46,3
2564,46,1
2565,46,19
2566,46,3
2567,46,3099
2568,46,1
2569,46,3346
2570,46,2
2571,46,1
2572,46,1035463
2573,46,1
2574,46,15
2575,46,61
2576,46,438
2577,46,52
2578,46,1
2579,46,81
2580,46,1255
2581,46,0
2582,46,206
2583,46,3
2584,46,2
2585,47,4
2586,47,10
2587,47,71
2588,47,2
2589,47,1
2590,47,1
2591,47,10
2592,47,0
2593,47,1
2594,47,255
2595,47,28
2596,47,654
2597,47,28
2598,47,2
2599,47,0
2600,47,1
2601,47,5115
2602,47,1
2603,47,115
2604,47,3
2605,47,2
2606,47,8
2607,47,2
2608,47,1
2609,47,6
2610,47,1
2611,47,2436
2612,47,187
2613,47,0
2614,47,0
2615,47,1
2616,47,1
2617,47,576
2618,47,1
2619,47,27
2620,47,2
2621,47,1
2622,47,211
2623,47,13
2624,47,0
2625,47,15
2626,47,58
2627,47,414
2628,47,0
2629,48,0
2630,48,0
2631,48,1
2632,48,1239
2633,48,1
2634,48,3
2635,48,0
2636,48,23
2637,48,1
2638,48,0
2639,48,2
2640,48,0
2641,48,0
2642,48,105
2643,48,1
2644,48,1
2645,48,2
2646,48,5
2647,48,31
2648,48,0
2649,48,5
2650,48,3068
2651,48,2
2652,48,20
2653,48,102
2654,48,1505
2655,48,0
2656,48,2
2657,48,1
2658,48,11
2659,48,90
2660,48,1
2661,48,1
2662,48,1
2663,48,72
2664,48,1
2665,48,21
2666,48,49
2667,48,605
2668,48,10
2669,48,352
2670,48,1
2671,48,1
2672,48,3
2673,48,1
2674,48,24
2675,48,10
2676,48,1
2677,48,1
2678,48,271
2679,48,5
2680,48,6
2681,48,11
2682,48,15
2683,48,10
2684,48,2
2685,48,94
2686,48,5
2687,48,0
2688,48,19
2689,48,6
2690,48,2
2691,48,149
2692,48,20
2693,48,7
2694,48,2
2695,48,1
2696,48,13
2697,48,0
2698,48,414
2699,48,2
2700,48,5591
2701,48,7
2702,48,1
2703,48,1
2704,48,19
2705,48,228
2706,48,61
2707,48,31
2708,48,0
2709,48,25
2710,48,1771
2711,48,184
2712,48,462
2713,48,11
2714,48,135
2715,49,1
2716,49,7
2717,49,493
2718,49,3
2719,49,1852476
2720,49,1
2721,49,5813
2722,49,0
2723,49,0
2724,49,3250137
2725,49,373628
2726,49,8
2727,49,1
2728,49,47726
2729,49,9
2730,49,28
2731,49,4
2732,49,0
2733,49,2
2734,49,0
2735,49,16
2736,49,17
2737,49,3549
2738,50,0
2739,50,373
2740,50,17
2741,50,4
2742,50,187982
2743,50,14069
2744,50,539661
2745,50,8
2746,50,13
2747,50,8
2748,50,19222
2749,50,21362
2750,50,2728
2751,50,1
2752,50,0
2753,50,4
2754,50,116
2755,50,0
2756,51,0
2757,51,0
2758,51,0
2759,51,7
2760,51,4
2761,51,0
2762,51,4
2763,51,1
2764,51,16
2765,51,2
2766,51,13
2767,51,97
2768,51,234828
2769,51,0
2770,51,245
2771,51,0
2772,51,465
2773,51,1
2774,51,2
2775,51,1
2776,51,5
2777,51,7297
2778,51,24
2779,51,1
2780,51,4
2781,51,5
2782,51,0
2783,51,1
2784,51,1
2785,51,19
2786,51,4
2787,51,2209
2788,51,37
2789,51,1153
2790,51,14
2791,51,1690
2792,51,0
2793,51,1
2794,51,1
2795,51,53360895
2796,51,1
2797,51,780
2798,51,4
2799,51,0
2800,51,439
2801,51,1
2802,51,6
2803,51,0
2804,51,14
2805,51,593
2806,51,0
2807,51,1
2808,51,936
2809,51,6
2810,51,68
2811,51,4
2812,51,0
2813,51,10406
2814,51,3567
2815,51,2
2816,51,0
2817,51,2260
2818,51,0
2819,51,3
2820,51,1
2821,51,9
2822,51,2
2823,51,1
2824,51,102
2825,51,12
2826,51,1
2827,51,5
2828,51,1
2829,51,0
2830,51,4
2831,51,46
2832,51,2
2833,51,4
2834,51,66
2835,51,1
2836,51,18
2837,51,69
2838,51,2
2839,51,1
2840,51,4
2841,51,980
2842,51,1
2843,51,7
2844,51,1
2845,51,9
2846,51,3
2847,51,1
2848,51,9
2849,52,359
2850,52,19
2851,52,247
2852,52,625
2853,52,106
2854,53,15844
2855,53,1326
2856,53,1
2857,53,22
2858,53,3
2859,53,22157
2860,53,0
2861,53,7
2862,53,2
2863,53,2
2864,53,63
2865,53,1
2866,53,1
2867,53,125
2868,53,5
2869,53,0
2870,53,1
2871,53,791
2872,53,1
2873,53,2
2874,53,51
2875,53,0
2876,53,0
2877,53,1
2878,53,1280
2879,53,1
2880,53,2
2881,53,8
2882,53,495187
2883,53,11
2884,53,27
2885,53,40
2886,53,3
2887,53,22480
2888,53,0
2889,53,0
2890,53,0
2891,53,4
2892,53,1
2893,53,11
2894,53,167
2895,53,175
2896,53,7
2897,53,2
2898,53,81
2899,53,4030
2900,53,15
2901,53,1
2902,53,18
2903,53,6
2904,53,55
2905,53,0
2906,53,22103
2907,53,600
2908,53,20
2909,53,94
2910,53,0
2911,53,2
2912,53,2
2913,53,3
2914,53,2
2915,53,0
2916,53,1
2917,53,10
2918,54,9
2919,54,3
2920,54,1
2921,54,0
2922,54,1
2923,54,0
2924,54,0
2925,54,2
2926,55,24
2927,55,0
2928,55,35
2929,55,12
2930,55,2295
2931,55,19
2932,55,2
2933,55,19
2934,55,10
2935,55,9
2936,55,35064
2937,55,3
2938,55,7
2939,55,161
2940,55,0
2941,55,2
2942,55,296
2943,55,4
2944,55,2
2945,55,1
2946,55,2
2947,55,2
2948,55,2
2949,55,0
2950,55,1078
2951,55,0
2952,55,1
2953,55,1
2954,55,0
2955,55,27
2956,55,0
2957,55,22
2958,55,14
2959,55,4
2960,55,29
2961,55,13
2962,55,1
2963,55,43
2964,55,517
2965,55,2
2966,55,1
2967,55,1
2968,55,0
2969,55,2
2970,55,0
2971,55,1
2972,55,1
2973,55,1
2974,55,3
2975,55,1557
2976,55,0
2977,55,56
2978,55,5
2979,55,713
2980,55,1
2981,55,18
2982,55,1
2983,55,0
2984,55,0
2985,55,60
2986,55,1
2987,55,0
2988,55,4
2989,55,3
2990,55,1
2991,55,0
2992,55,2
2993,55,3
2994,55,4
2995,55,0
2996,55,5800
2997,55,8
2998,55,6
2999,55,14
3000,55,62
3001,55,3
3002,55,0
3003,55,2
3004,55,0
3005,55,0
3006,55,54
3007,55,308
3008,55,2319
3009,55,1023
3010,55,1
3011,55,24
3012,55,1
3013,55,1
3014,55,0
3015,55,1
3016,55,3
3017,55,65
3018,55,41
3019,55,1
3020,55,10
3021,55,63
3022,55,3
3023,55,1516
3024,55,0
3025,56,0
3026,56,33
3027,56,1
3028,56,2
3029,56,1
3030,56,3
3031,56,4
3032,56,1
3033,56,14
3034,56,4
3035,56,1
3036,56,5
3037,56,0
3038,56,1
3039,56,4
3040,56,1
3041,56,51
3042,56,17
3043,56,7686989
3044,56,241
3045,56,1
3046,56,34
3047,56,543
3048,56,188
3049,56,1
3050,56,4
3051,56,6
3052,56,1
3053,56,4
3054,56,16176
3055,56,13
3056,56,63
3057,56,2
3058,56,2
3059,56,0
3060,56,26
3061,56,0
3062,56,401
3063,56,0
3064,56,0
3065,56,0
3066,56,1
3067,56,2
3068,56,928
3069,56,6
3070,56,6
3071,56,2
3072,56,1
3073,56,9
3074,56,0
3075,56,332
3076,56,0
3077,56,46
3078,56,82
3079,56,17
3080,56,20
3081,56,1062
3082,56,21
3083,56,327
3084,56,0
3085,56,57
3086,56,22
3087,56,8551
3088,57,1
3089,57,0
3090,57,1
3091,57,2
3092,57,2
3093,57,49
3094,57,19
3095,57,0
3096,57,18
3097,57,3
3098,57,6
3099,57,0
3100,57,7
3101,57,40
3102,57,40
3103,57,169
3104,57,325
3105,57,1
3106,57,2
3107,57,13
3108,57,3
3109,57,1
3110,57,1
3111,57,1
3112,57,9
3113,57,1
3114,57,73
3115,58,5148
3116,58,35
3117,58,0
3118,58,7
3119,58,1
3120,58,49
3121,58,11
3122,58,1
3123,58,0
3124,58,44
3125,58,22
3126,58,0
3127,58,0
3128,58,0
3129,58,75
3130,58,0
3131,58,4
3132,58,2
3133,58,0
3134,58,6
3135,58,54
3136,58,0
3137,58,1
3138,58,57
3139,58,2202
3140,58,32
3141,58,1
3142,58,1
3143,58,2
3144,58,37
3145,58,11
3146,58,184632
3147,58,0
3148,58,13
3149,58,1
3150,58,102
3151,58,2
3152,58,1
3153,58,1
3154,58,0
3155,58,0
3156,58,2
3157,58,9
3158,58,6
3159,58,2
3160,58,12
3161,58,0
3162,58,1264
3163,58,263
3164,58,6
3165,58,3
3166,58,1079
3167,58,2
3168,58,2
3169,58,6
3170,58,207
3171,58,0
3172,58,1
3173,58,0
3174,58,271
3175,58,7
3176,58,1
3177,58,658
3178,58,7
3179,58,11808
3180,59,0
3181,59,599
3182,59,303
3183,59,0
3184,59,0
3185,59,24
3186,59,47
3187,59,4
3188,59,3553
3189,59,21
3190,59,82
3191,59,438
3192,59,1
3193,59,485
3194,59,343
3195,59,0
3196,59,1
3197,59,1
3198,59,2
3199,59,17
3200,59,4533
3201,59,3878
3202,59,3
3203,59,9
3204,59,29266
3205,59,7
3206,59,67
3207,59,0
3208,59,1
3209,59,4
3210,59,0
3211,59,26
3212,59,22
3213,59,21
3214,59,2
3215,59,3
3216,59,365
3217,59,143
3218,59,0
3219,59,0
3220,59,1
3221,59,1
3222,59,9
3223,59,2
3224,59,8
3225,59,2
3226,59,148
3227,59,3
3228,59,37
3229,59,0
3230,59,37
3231,59,80
3232,59,1
3233,59,1
3234,59,611854
3235,59,1
3236,59,12
3237,59,5
3238,59,1
3239,59,0
3240,59,127
3241,59,1659
3242,59,0
3243,59,88
3244,59,2093
3245,59,33
3246,59,0
3247,59,1
3248,59,234
3249,59,28
3250,59,3
3251,59,653
3252,59,189
3253,59,199
3254,59,16
3255,59,3288
3256,59,7
3257,59,4
3258,59,5833
3259,59,1390
3260,59,2
3261,59,1
3262,59,36
3263,59,0
3264,59,18
3265,59,13
3266,59,1582
3267,59,8
3268,59,1240
3269,59,3
3270,59,76
3271,59,3
3272,59,6
3273,59,37063
3274,60,12
3275,60,2
3276,60,568
3277,60,0
3278,60,1
3279,60,14
3280,60,329
3281,60,0
3282,60,20
3283,60,32
3284,60,0
3285,60,34
3286,60,163
3287,60,3
3288,60,0
3289,60,5
3290,60,164
3291,60,4
3292,60,4
3293,60,0
3294,60,0
3295,60,33
3296,60,108
3297,60,0
3298,60,258
3299,60,0
3300,60,4232
3301,60,1
3302,60,14
3303,60,1057
3304,60,20
3305,60,241
3306,60,5928
3307,60,43
3308,61,9722
3309,61,2
3310,61,453
3311,61,22
3312,61,3
3313,61,171
3314,61,0
3315,61,1
3316,61,6
3317,61,1078
3318,61,4
3319,61,1
3320,61,58
3321,61,75
3322,61,24748
3323,61,79477
3324,61,2
3325,61,0
3326,61,0
3327,61,18
3328,61,38
3329,61,14
3330,61,473
3331,61,21
3332,61,37653
3333,61,92
3334,61,6306
3335,61,151
3336,61,73314
3337,61,64
3338,61,5
3339,61,1
3340,61,2
3341,61,51
3342,61,1
3343,61,117
3344,61,1
3345,61,38
3346,61,2
3347,61,1
3348,61,8
3349,61,3
3350,61,73
3351,61,19
3352,61,2
3353,61,67
3354,61,2
3355,61,27
3356,61,13
3357,61,1
3358,61,12
3359,61,4
3360,61,3
3361,61,3
3362,61,1
3363,61,12519
3364,61,2
3365,61,163
3366,61,8
3367,61,11458
3368,61,0
3369,61,557
3370,61,4
3371,61,49
3372,61,2729
3373,61,32
3374,61,8
3375,62,7
3376,62,3
3377,62,2
3378,62,2
3379,62,7
3380,62,254
3381,62,0
3382,62,0
3383,62,1
3384,62,150
3385,62,18
3386,62,1
3387,62,1
3388,62,35
3389,62,1
3390,62,2
3391,62,4
3392,62,19
3393,62,24
3394,62,0
3395,62,1
3396,62,1
3397,62,3
3398,62,0
3399,62,10
3400,62,1
3401,62,9
3402,62,2
3403,62,306
3404,62,7
3405,62,46
3406,62,0
3407,62,394
3408,62,31
3409,62,2446764
3410,62,5
3411,62,104
3412,62,0
3413,62,33
3414,62,76
3415,62,3
3416,62,2
3417,62,5
3418,62,0
3419,62,0
3420,62,1
3421,62,54
3422,62,1
3423,62,45
3424,62,512
3425,62,1
3426,62,151
3427,62,146
3428,62,5
3429,62,6
3430,63,7
3431,63,113
3432,63,26
3433,63,3
3434,63,57
3435,63,0
3436,63,72
3437,63,2
3438,63,1
3439,63,114
3440,63,20
3441,63,14
3442,63,26
3443,63,0
3444,64,17
3445,64,11
3446,64,0
3447,64,29
3448,64,873
3449,64,0
3450,64,147
3451,64,0
3452,64,0
3453,64,2
3454,65,0
3455,65,129
3456,65,0
3457,65,0
3458,65,49747
3459,65,207
3460,65,13
3461,65,606
3462,65,5
3463,65,278
3464,65,28
3465,65,2
3466,65,10
3467,65,1
3468,65,2
3469,65,45
3470,65,6
3471,65,9247
3472,65,1576
3473,65,0
3474,65,408
3475,65,123
3476,65,1
3477,65,0
3478,65,1
3479,65,12
3480,65,11767
3481,65,7
3482,65,9
3483,65,0
3484,65,0
3485,65,4
3486,65,151
3487,65,2
3488,65,1
3489,65,9
3490,65,42
3491,65,9
3492,65,1
3493,65,0
3494,65,154
3495,65,16
3496,65,12
3497,65,0
3498,65,25
3499,65,47
3500,65,189
3501,65,21
3502,65,0
3503,65,0
3504,65,40604
3505,65,1
3506,65,8
3507,65,14
3508,65,4
3509,65,10
3510,65,3
3511,65,3
3512,65,0
3513,65,12
3514,65,2
3515,65,352
3516,65,149
3517,65,0
3518,65,26
3519,65,113
3520,65,0
3521,65,31
3522,65,1
3523,65,0
3524,65,1
3525,65,1
3526,65,1
3527,65,217
3528,65,18
3529,65,0
3530,65,1
3531,65,1
3532,65,0
3533,65,0
3534,65,21
3535,65,2
3536,65,237142
3537,65,1
3538,65,2306
3539,65,1
3540,65,17
3541,65,127
3542,65,0
3543,65,0
